City_ID,City,Country,Date,Lat,Lng,Max Temp,Humidity,Cloudiness,Wind Speed
0,Pemangkat,ID,2022-07-13 01:00:07,1.1667,108.9667,79.99,79,100,4.03
1,Ribeira Grande,PT,2022-07-13 01:00:07,38.5167,-28.7,70.23,91,96,8.7
2,Lorengau,PG,2022-07-13 01:00:08,-2.0226,147.2712,85.01,70,28,9.86
3,Canto Do Buriti,BR,2022-07-13 01:00:08,-8.11,-42.9444,75.31,45,14,4.59
4,Carnarvon,AU,2022-07-13 01:00:09,-24.8667,113.6333,68.7,65,6,8.75
5,Aklavik,CA,2022-07-13 01:00:09,68.2191,-135.0107,56.28,55,52,16.02
6,Port Blair,IN,2022-07-13 01:00:10,11.6667,92.75,82.02,82,100,19.82
7,Hithadhoo,MV,2022-07-13 01:00:10,-0.6,73.0833,83.41,72,17,13.62
8,Codrington,AU,2022-07-13 01:00:11,-38.2667,141.9667,54.01,61,36,12.19
9,Mar Del Plata,AR,2022-07-13 00:58:19,-38.0023,-57.5575,47.08,70,0,16.11
10,Trebisacce,IT,2022-07-13 01:00:12,39.8708,16.5312,66.34,74,81,7.76
11,Castro,BR,2022-07-13 01:00:13,-24.7911,-50.0119,52.12,79,20,1.63
12,Hermanus,ZA,2022-07-13 01:00:14,-34.4187,19.2345,52.61,81,1,10.0
13,Punta Arenas,CL,2022-07-13 01:00:14,-53.15,-70.9167,37.11,93,100,6.4
14,Bethel,US,2022-07-13 01:00:15,41.3712,-73.414,77.83,95,100,9.84
15,Nolinsk,RU,2022-07-13 01:00:16,57.5596,49.9363,66.38,95,13,3.8
16,Ushuaia,AR,2022-07-13 01:00:16,-54.8,-68.3,35.46,99,100,4.14
17,Torbay,CA,2022-07-13 01:00:17,47.6666,-52.7314,56.28,88,3,4.0
18,Hambantota,LK,2022-07-13 01:00:17,6.1241,81.1185,77.34,94,20,8.05
19,Puerto Ayora,EC,2022-07-13 01:00:18,-0.7393,-90.3518,70.56,91,13,5.01
20,Vaini,TO,2022-07-13 01:00:18,-21.2,-175.2,76.59,73,1,13.53
21,Busselton,AU,2022-07-13 01:00:19,-33.65,115.3333,55.31,79,20,8.9
22,Alofi,NU,2022-07-13 01:00:19,-19.0595,-169.9187,78.28,77,22,23.02
23,Longyearbyen,SJ,2022-07-13 01:00:20,78.2186,15.6401,46.24,93,75,0.0
24,Cape Town,ZA,2022-07-13 00:56:09,-33.9258,18.4232,55.38,91,20,8.05
25,Zhoucheng,CN,2022-07-13 01:00:21,35.9122,116.3117,80.47,77,94,5.64
26,Dusti,TJ,2022-07-13 01:00:21,37.3481,68.664,75.56,28,0,3.94
27,Atuona,PF,2022-07-13 01:00:22,-9.8,-139.0333,77.77,78,22,19.6
28,Margate,GB,2022-07-13 01:00:23,51.3813,1.3862,71.87,66,92,1.99
29,Upernavik,GL,2022-07-13 01:00:23,72.7868,-56.1549,42.42,86,99,3.71
30,Hilo,US,2022-07-13 01:00:24,19.7297,-155.09,86.29,90,8,8.01
31,Iqaluit,CA,2022-07-13 01:00:24,63.7506,-68.5145,50.7,87,100,8.23
32,Mataura,NZ,2022-07-13 01:00:25,-46.1927,168.8643,44.47,98,100,6.91
33,Fortuna,US,2022-07-13 01:00:25,40.5982,-124.1573,66.85,82,75,7.83
34,Chuy,UY,2022-07-13 01:00:26,-33.6971,-53.4616,41.22,82,0,4.97
35,Yellowknife,CA,2022-07-13 01:00:26,62.456,-114.3525,67.91,47,0,13.6
36,Chokurdakh,RU,2022-07-13 01:00:27,70.6333,147.9167,50.86,75,100,7.34
37,Port Alfred,ZA,2022-07-13 01:00:28,-33.5906,26.891,57.51,62,0,10.29
38,Shingu,JP,2022-07-13 01:00:28,33.7333,135.9833,84.43,67,11,5.32
39,Yakovlevka,RU,2022-07-13 01:00:29,44.425,133.4772,80.8,62,18,2.91
40,Vila Franca Do Campo,PT,2022-07-13 01:00:29,37.7167,-25.4333,73.2,96,96,8.28
41,Nanortalik,GL,2022-07-13 01:00:30,60.1432,-45.2371,41.85,89,2,10.27
42,Auki,SB,2022-07-13 01:00:30,-8.7676,160.7034,85.6,60,94,5.19
43,Rio Grande,BR,2022-07-13 01:01:31,-32.035,-52.0986,41.95,80,4,7.83
44,Kenora,CA,2022-07-13 01:00:12,49.8167,-94.4337,67.17,82,40,3.44
45,Fairbanks,US,2022-07-13 01:00:00,64.8378,-147.7164,78.6,50,89,1.99
46,Kandrian,PG,2022-07-13 01:01:32,-6.2167,149.55,85.17,68,62,7.47
47,Tual,ID,2022-07-13 01:01:32,-5.6667,132.75,78.76,85,100,20.15
48,Jamestown,US,2022-07-13 00:58:33,42.097,-79.2353,71.94,82,0,5.01
49,Gazanjyk,TM,2022-07-13 01:01:33,39.2446,55.5154,79.14,29,0,6.17
50,Foso,GH,2022-07-13 01:01:33,5.7012,-1.2866,71.1,90,95,2.59
51,Albany,US,2022-07-13 01:01:34,42.6001,-73.9662,75.88,74,2,6.98
52,Constitucion,CL,2022-07-13 01:00:57,-35.3333,-72.4167,49.46,82,39,6.91
53,Saint George,US,2022-07-13 01:00:35,37.1041,-113.5841,108.19,12,0,0.0
54,Orlik,RU,2022-07-13 01:01:35,52.5178,99.825,58.23,74,23,2.46
55,Bluff,NZ,2022-07-13 01:01:35,-46.6,168.3333,44.8,92,100,22.35
56,Esperance,AU,2022-07-13 01:01:36,-33.8667,121.9,54.66,55,0,11.18
57,Kalmunai,LK,2022-07-13 01:01:36,7.4167,81.8167,77.22,67,76,6.49
58,Ponta Do Sol,PT,2022-07-13 01:01:37,32.6667,-17.1,68.72,68,48,2.98
59,Moree,AU,2022-07-13 01:01:37,-29.4667,149.85,55.02,56,9,17.45
60,Ambilobe,MG,2022-07-13 00:56:48,-13.2,49.05,67.33,80,5,3.49
61,Caravelas,BR,2022-07-13 01:01:38,-17.7125,-39.2481,70.14,80,99,5.17
62,Pangnirtung,CA,2022-07-13 01:01:38,66.1451,-65.7125,47.08,93,100,2.68
63,Butaritari,KI,2022-07-13 01:01:39,3.0707,172.7902,82.44,71,100,18.01
64,Hanstholm,DK,2022-07-13 01:01:39,57.1167,8.6167,59.16,91,4,11.03
65,West Wendover,US,2022-07-13 01:01:40,40.7391,-114.0733,84.13,27,100,10.76
66,Kununurra,AU,2022-07-13 01:01:40,-15.7667,128.7333,67.98,17,8,19.57
67,Rikitea,PF,2022-07-13 01:01:41,-23.1203,-134.9692,75.13,73,24,12.1
68,Kuytun,RU,2022-07-13 01:01:41,54.3419,101.5036,61.56,67,100,2.15
69,Kodiak,US,2022-07-13 01:01:42,57.79,-152.4072,54.91,94,100,6.91
70,Maniitsoq,GL,2022-07-13 01:01:42,65.4167,-52.9,41.32,97,100,13.65
71,Mendoza,AR,2022-07-13 00:58:17,-32.8908,-68.8272,45.93,49,0,4.61
72,Jumla,NP,2022-07-13 01:01:43,29.2747,82.1838,63.75,96,95,1.5
73,Hobart,AU,2022-07-13 01:00:05,-42.8794,147.3294,48.25,84,75,5.75
74,Kapaa,US,2022-07-13 01:01:44,22.0752,-159.319,84.18,78,3,8.01
75,Kungurtug,RU,2022-07-13 01:01:44,50.5994,97.5228,65.44,52,98,0.85
76,Karratha,AU,2022-07-13 01:01:45,-20.7377,116.8463,68.32,33,6,16.73
77,Kismayo,SO,2022-07-13 01:01:45,-0.3582,42.5454,74.46,82,95,14.5
78,Racale,IT,2022-07-13 01:01:46,39.9631,18.0938,70.84,62,91,14.45
79,Severo-Kurilsk,RU,2022-07-13 01:01:46,50.6789,156.125,56.07,89,64,0.54
80,Saintes,FR,2022-07-13 01:00:11,45.6667,-0.75,71.35,37,74,4.79
81,Namibe,AO,2022-07-13 00:59:25,-15.1961,12.1522,61.86,90,2,5.77
82,Bambous Virieux,MU,2022-07-13 01:01:47,-20.3428,57.7575,69.22,66,81,13.2
83,Bredasdorp,ZA,2022-07-13 01:01:48,-34.5322,20.0403,46.94,90,2,5.01
84,Asau,RO,2022-07-13 01:01:48,46.4333,26.4,51.28,79,100,7.23
85,Arraial Do Cabo,BR,2022-07-13 01:01:49,-22.9661,-42.0278,71.46,85,52,20.51
86,Padang,ID,2022-07-13 01:00:28,-0.9492,100.3543,78.93,87,100,3.76
87,Thompson,CA,2022-07-13 01:01:49,55.7435,-97.8558,77.16,26,14,2.04
88,Baruun-Urt,MN,2022-07-13 01:01:50,46.6806,113.2792,65.19,67,45,14.63
89,Vaitape,PF,2022-07-13 01:02:50,-16.5167,-151.75,78.78,66,1,7.94
90,Avarua,CK,2022-07-13 01:02:51,-21.2078,-159.775,75.25,73,75,14.97
91,Mandera,KE,2022-07-13 01:02:51,3.9366,41.867,75.09,52,93,18.81
92,Los Llanos De Aridane,ES,2022-07-13 01:02:52,28.6585,-17.9182,66.13,88,75,4.61
93,Tazovskiy,RU,2022-07-13 01:02:52,67.4667,78.7,47.59,62,0,9.04
94,Dikson,RU,2022-07-13 01:02:03,73.5069,80.5464,39.79,83,12,1.54
95,Kodinsk,RU,2022-07-13 01:02:53,58.6881,99.1844,61.38,53,95,4.05
96,Weinan,CN,2022-07-13 01:02:53,34.5036,109.5089,76.35,91,100,2.33
97,Roma,US,2022-07-13 00:59:16,43.2128,-75.4557,71.69,83,63,1.01
98,Tuktoyaktuk,CA,2022-07-13 01:02:54,69.4541,-133.0374,36.88,94,100,11.3
99,Broken Hill,AU,2022-07-13 01:02:54,-31.95,141.4333,49.21,66,3,18.79
100,Ingham,US,2022-07-13 01:02:55,42.6,-84.3833,73.35,66,0,8.05
101,Ust-Kuyga,RU,2022-07-13 01:02:56,70.0167,135.6,41.76,86,100,5.03
102,Khani,GE,2022-07-13 01:02:56,41.9563,42.9566,60.37,94,79,0.67
103,Empalme,MX,2022-07-13 01:02:57,27.9667,-110.8167,90.55,61,28,6.82
104,Puerto Escondido,MX,2022-07-13 01:02:57,15.85,-97.0667,79.63,73,100,5.75
105,Georgetown,MY,2022-07-13 01:01:40,5.4112,100.3354,78.73,94,40,0.0
106,Aripuana,BR,2022-07-13 01:02:58,-9.1667,-60.6333,75.78,57,10,1.32
107,Rosarito,MX,2022-07-13 01:02:59,32.3333,-117.0333,77.41,71,84,9.66
108,Qorveh,IR,2022-07-13 01:02:59,35.1664,47.8045,71.83,19,5,8.59
109,Geraldton,AU,2022-07-13 01:02:41,-28.7667,114.6,55.81,76,98,8.05
110,Castrillon,ES,2022-07-13 01:03:00,43.3979,-6.7922,68.95,67,0,3.06
111,Upington,ZA,2022-07-13 01:03:00,-28.4478,21.2561,54.97,33,0,9.15
112,Ponta Delgada,PT,2022-07-13 01:03:01,37.7333,-25.6667,73.51,83,75,10.36
113,Saldanha,ZA,2022-07-13 01:03:01,-33.0117,17.9442,53.49,79,0,4.07
114,Isangel,VU,2022-07-13 01:03:02,-19.55,169.2667,80.22,77,14,9.31
115,Faanui,PF,2022-07-13 01:03:02,-16.4833,-151.75,78.76,66,0,7.81
116,Hanna,CA,2022-07-13 01:01:40,51.6334,-111.9018,84.85,33,98,5.99
117,Lebu,CL,2022-07-13 01:03:03,-37.6167,-73.65,48.06,72,100,6.22
118,Taubate,BR,2022-07-13 01:03:03,-23.0264,-45.5553,65.01,57,100,2.55
119,Barrow,US,2022-07-13 01:03:04,71.2906,-156.7887,37.42,93,100,11.5
120,Baytown,US,2022-07-13 01:03:05,29.7355,-94.9774,90.21,65,97,10.54
121,Palana,RU,2022-07-13 01:03:05,59.1167,159.9667,60.3,81,60,13.69
122,Kavieng,PG,2022-07-13 00:58:14,-2.5744,150.7967,84.67,68,13,9.42
123,Yar-Sale,RU,2022-07-13 01:03:06,66.8333,70.8333,52.12,54,100,6.38
124,Sinnamary,GF,2022-07-13 01:01:14,5.3833,-52.95,78.35,83,88,5.82
125,Qaanaaq,GL,2022-07-13 01:03:06,77.484,-69.3632,40.98,76,99,3.96
126,Luganville,VU,2022-07-13 01:03:07,-15.5333,167.1667,83.62,69,80,9.57
127,Salinopolis,BR,2022-07-13 01:03:07,-0.6136,-47.3561,76.73,88,43,6.93
128,Xining,CN,2022-07-13 01:00:12,36.6167,101.7667,64.65,65,18,0.85
129,Saint-Philippe,RE,2022-07-13 01:03:08,-21.3585,55.7679,67.59,66,79,11.16
130,Ipixuna,BR,2022-07-13 01:03:09,-1.7625,-48.8043,74.71,92,100,2.62
131,Kaitangata,NZ,2022-07-13 01:03:09,-46.2817,169.8464,43.09,95,100,14.25
132,Dunedin,NZ,2022-07-13 01:01:46,-45.8742,170.5036,44.44,95,100,22.39
133,Provideniya,RU,2022-07-13 01:03:10,64.3833,-173.3,51.91,82,0,15.99
134,Laguna,US,2022-07-13 01:03:01,38.421,-121.4238,99.45,29,0,17.27
135,Scarborough,GB,2022-07-13 01:01:53,54.2797,-0.4044,62.91,77,0,8.28
136,Punta Alta,AR,2022-07-13 01:04:11,-38.8759,-62.0736,50.77,46,0,20.71
137,Naples,IT,2022-07-13 01:03:38,40.8333,14.25,78.75,67,0,8.05
138,Nhulunbuy,AU,2022-07-13 01:04:11,-12.2333,136.7667,75.81,53,0,19.57
139,Dutlwe,BW,2022-07-13 01:04:12,-23.9833,23.9,54.16,41,5,9.1
140,Kitimat,CA,2022-07-13 01:04:12,54.0524,-128.6534,55.9,24,100,1.01
141,Koygorodok,RU,2022-07-13 01:04:13,60.445,50.9968,65.62,94,100,3.24
142,Vao,NC,2022-07-13 01:04:13,-22.6667,167.4833,73.53,87,100,14.72
143,Port Lincoln,AU,2022-07-13 01:04:14,-34.7333,135.8667,56.64,61,100,8.5
144,Mamlyutka,KZ,2022-07-13 01:04:15,54.9375,68.5394,61.14,82,62,5.61
145,Khatanga,RU,2022-07-13 01:04:15,71.9667,102.5,38.75,84,100,11.07
146,Chernyshevskiy,RU,2022-07-13 01:04:16,63.0128,112.4714,54.03,54,86,6.06
147,Vardo,NO,2022-07-13 01:04:16,70.3705,31.1107,53.58,87,100,5.75
148,Narsaq,GL,2022-07-13 01:03:14,60.9167,-46.05,46.62,83,26,2.3
149,Nikolayevsk-Na-Amure,RU,2022-07-13 01:04:17,53.1406,140.73,78.28,63,100,4.85
150,Humberto De Campos,BR,2022-07-13 01:04:17,-2.5983,-43.4611,74.68,93,63,3.4
151,Aswan,EG,2022-07-13 01:04:18,24.0934,32.907,86.04,25,53,9.24
152,Miracema Do Tocantins,BR,2022-07-13 01:04:18,-9.5618,-48.3967,75.76,43,9,4.79
153,Port Hedland,AU,2022-07-13 01:04:19,-20.3167,118.5667,68.05,30,10,16.11
154,Katsuura,JP,2022-07-13 01:04:20,35.1333,140.3,76.37,91,80,6.6
155,Asyut,EG,2022-07-13 01:04:20,27.181,31.1837,80.74,47,2,17.74
156,Hasaki,JP,2022-07-13 01:04:20,35.7333,140.8333,77.4,90,100,6.33
157,Gizo,SB,2022-07-13 01:04:21,-8.103,156.8419,83.7,70,100,3.49
158,Atherton,GB,2022-07-13 01:04:22,53.5237,-2.4935,66.34,85,100,5.99
159,Yerkoy,TR,2022-07-13 01:04:22,39.6381,34.4672,61.36,83,0,3.42
160,Champerico,GT,2022-07-13 01:04:23,14.3,-91.9167,80.74,76,94,6.8
161,Lompoc,US,2022-07-13 01:01:26,34.6391,-120.4579,82.02,76,6,8.99
162,Tuy Hoa,VN,2022-07-13 01:04:24,13.0833,109.3,81.12,82,93,10.36
163,Souillac,MU,2022-07-13 01:04:24,-20.5167,57.5167,69.37,63,52,12.44
164,Kirkenaer,NO,2022-07-13 01:04:25,60.4564,12.0582,54.19,99,19,4.03
165,Arlit,NE,2022-07-13 01:04:25,18.7369,7.3853,91.6,26,21,5.32
166,Abbeville,FR,2022-07-13 01:04:26,50.1,1.8333,70.5,41,100,7.05
167,Faya,SA,2022-07-13 01:04:26,18.3851,42.4509,63.12,33,100,7.92
168,Tilichiki,RU,2022-07-13 01:04:27,60.4667,166.1,66.51,68,6,6.67
169,Malpur,IN,2022-07-13 01:04:27,23.35,73.45,78.58,90,100,10.18
170,Chulman,RU,2022-07-13 01:04:28,56.8479,124.9104,61.23,87,100,3.38
171,Sao Joao Da Barra,BR,2022-07-13 01:04:28,-21.6403,-41.0511,72.23,85,86,18.43
172,Nome,US,2022-07-13 01:04:29,64.5011,-165.4064,64.17,71,0,11.5
173,Zaraza,VE,2022-07-13 01:04:29,9.3503,-65.3245,74.37,88,88,4.36
174,Bathsheba,BB,2022-07-13 01:01:08,13.2167,-59.5167,81.05,87,100,18.23
175,Mahebourg,MU,2022-07-13 01:01:28,-20.4081,57.7,69.26,66,76,13.11
176,Warrnambool,AU,2022-07-13 01:04:30,-38.3833,142.4833,55.81,64,64,14.14
177,San Francisco,US,2022-07-13 00:59:46,37.7749,-122.4194,80.46,83,19,17.0
178,Kerema,PG,2022-07-13 01:05:31,-7.9631,145.7785,81.37,78,94,4.81
179,Oxapampa,PE,2022-07-13 01:05:31,-10.5775,-75.4017,57.9,98,59,2.26
180,Qazigund,IN,2022-07-13 01:05:32,33.6333,75.15,66.9,83,30,1.45
181,Qujing,CN,2022-07-13 01:05:32,25.4833,103.7833,69.21,84,34,6.91
182,North Platte,US,2022-07-13 01:03:24,41.1239,-100.7654,85.06,44,0,13.0
183,Musoma,TZ,2022-07-13 01:05:33,-1.5,33.8,64.36,67,66,9.51
184,Tasiilaq,GL,2022-07-13 01:05:33,65.6145,-37.6368,44.76,81,98,5.39
185,Nikolskoye,RU,2022-07-13 01:05:34,59.7035,30.7861,63.81,98,19,4.76
186,Caluquembe,AO,2022-07-13 01:05:35,-13.7833,14.6833,53.83,40,0,2.13
187,Hamilton,US,2022-07-13 01:05:35,39.1834,-84.5333,81.45,60,20,11.5
188,Chicama,PE,2022-07-13 01:05:36,-7.8447,-79.1469,59.54,80,16,6.06
189,Vanimo,PG,2022-07-13 01:01:19,-2.6741,141.3028,86.88,59,48,0.78
190,Nalut,LY,2022-07-13 01:05:36,30.3333,10.85,79.83,31,0,10.69
191,Paamiut,GL,2022-07-13 01:03:14,61.994,-49.6678,41.27,94,82,12.01
192,Lata,PT,2022-07-13 01:05:37,40.1629,-8.3327,76.08,29,100,2.98
193,Les Cayes,HT,2022-07-13 01:05:37,18.2,-73.75,78.87,83,0,4.52
194,Sendai,JP,2022-07-13 01:05:38,38.2689,140.8719,71.08,100,75,14.97
195,Lianran,CN,2022-07-13 01:05:38,24.9227,102.485,72.21,72,0,2.57
196,Hastings,GB,2022-07-13 01:05:39,50.8552,0.5729,70.9,70,92,7.92
197,Kribi,CM,2022-07-13 01:05:39,2.95,9.9167,74.93,89,100,6.82
198,Kuusamo,FI,2022-07-13 01:05:40,65.9667,29.1833,59.04,100,20,4.61
199,Quatre Cocos,MU,2022-07-13 01:04:26,-20.2078,57.7625,69.1,66,79,13.91
200,Miles City,US,2022-07-13 01:05:39,46.4083,-105.8406,86.97,26,0,9.22
201,Tahta,EG,2022-07-13 01:05:41,26.7693,31.5021,82.98,34,8,15.9
202,Prieska,ZA,2022-07-13 01:05:41,-29.6641,22.7474,49.64,38,0,2.3
203,Bud,US,2022-07-13 01:05:42,39.447,-86.1758,80.62,59,0,7.07
204,Opuwo,NA,2022-07-13 01:05:42,-18.0607,13.84,59.29,38,0,6.53
205,Awbari,LY,2022-07-13 01:05:43,26.5921,12.7805,81.01,27,0,16.08
206,Grindavik,IS,2022-07-13 01:05:43,63.8424,-22.4338,43.27,87,40,6.91
207,Harrisonburg,US,2022-07-13 01:05:44,38.4496,-78.8689,78.8,92,100,0.0
208,Cooma,AU,2022-07-13 01:05:44,-36.2333,149.1333,39.22,84,100,7.83
209,Wanning,CN,2022-07-13 01:05:45,18.8003,110.3967,82.94,87,100,7.67
210,Arman,RU,2022-07-13 01:05:45,59.7,150.1667,77.02,81,54,6.64
211,Pangai,TO,2022-07-13 01:05:46,-19.8,-174.35,78.15,77,3,15.7
212,Rypefjord,NO,2022-07-13 01:05:46,70.6333,23.6667,68.47,56,44,4.61
213,Necochea,AR,2022-07-13 01:05:47,-38.5473,-58.7368,46.11,52,72,16.11
214,Sangin,AF,2022-07-13 01:05:47,32.0728,64.8359,83.66,13,0,7.61
215,Melo,UY,2022-07-13 01:05:48,-32.3667,-54.1833,39.96,89,1,4.81
216,Tessalit,ML,2022-07-13 01:05:48,20.1986,1.0114,89.35,29,0,7.74
217,East London,ZA,2022-07-13 01:05:49,-33.0153,27.9116,57.56,55,0,6.2
218,Clyde River,CA,2022-07-13 01:05:49,70.4692,-68.5914,38.82,86,46,5.48
219,Araguacu,BR,2022-07-13 01:05:50,-12.9306,-49.8264,73.51,39,6,4.56
220,Vryburg,ZA,2022-07-13 01:05:50,-26.9566,24.7284,48.94,40,0,4.32
221,Pringsewu,ID,2022-07-13 01:05:51,-5.3582,104.9744,76.44,90,100,0.72
222,Kamenka,RU,2022-07-13 01:05:51,51.3223,42.7678,63.01,63,77,4.09
223,San Carlos De Bariloche,AR,2022-07-13 01:05:52,-41.1456,-71.3082,31.75,74,40,8.05
224,Yulara,AU,2022-07-13 01:05:52,-25.2406,130.9889,53.04,48,0,13.76
225,Victoria,HK,2022-07-13 01:01:16,22.2855,114.1577,89.96,75,80,8.01
226,New Norfolk,AU,2022-07-13 01:05:53,-42.7826,147.0587,47.91,84,20,2.82
227,Marquette,US,2022-07-13 01:06:54,46.5333,-87.6335,54.84,82,55,3.71
228,Ola,RU,2022-07-13 01:06:54,59.5833,151.2833,77.14,89,82,7.05
229,Nuuk,GL,2022-07-13 01:06:55,64.1835,-51.7216,41.61,93,100,12.66
230,Fuerte Olimpo,PY,2022-07-13 01:06:55,-21.0415,-57.8738,60.33,74,18,3.11
231,Marawi,PH,2022-07-13 01:06:56,7.9986,124.2928,77.63,76,72,1.86
232,Gumdag,TM,2022-07-13 01:06:56,39.2061,54.5906,81.93,27,0,11.88
233,Jalu,LY,2022-07-13 01:06:56,29.0331,21.5482,75.43,68,0,9.42
234,Watrous,CA,2022-07-13 01:06:57,51.6668,-105.4679,79.32,47,6,4.74
235,Krasnoselkup,RU,2022-07-13 01:06:57,65.7,82.4667,50.68,55,26,14.34
236,Strangnas,SE,2022-07-13 01:06:58,59.3774,17.0312,64.38,84,100,5.86
237,Soe,ID,2022-07-13 01:06:58,-9.8607,124.284,66.81,70,96,6.49
238,Flin Flon,CA,2022-07-13 01:06:59,54.7682,-101.865,77.79,37,62,5.01
239,Roald,NO,2022-07-13 01:06:59,62.5833,6.1333,59.16,67,75,21.85
240,Castelo Do Piaui,BR,2022-07-13 01:07:00,-5.3222,-41.5525,78.85,61,98,3.83
241,Ust-Maya,RU,2022-07-13 01:07:00,60.4167,134.5333,63.55,92,99,5.37
242,Buritis,BR,2022-07-13 01:07:01,-15.6178,-46.4233,67.1,46,5,2.42
243,Orocue,CO,2022-07-13 01:07:01,4.7912,-71.3354,74.08,94,93,6.62
244,Airai,TL,2022-07-13 01:05:35,-8.9266,125.4092,62.83,62,100,3.76
245,Mount Isa,AU,2022-07-13 01:06:55,-20.7333,139.5,60.57,31,0,14.97
246,Mount Gambier,AU,2022-07-13 01:07:02,-37.8333,140.7667,51.78,73,46,4.29
247,Conway,US,2022-07-13 01:07:03,35.0887,-92.4421,78.6,60,38,3.71
248,Kahului,US,2022-07-13 01:03:30,20.8947,-156.47,82.98,92,42,8.99
249,Balasheyka,RU,2022-07-13 01:07:04,53.2841,48.0851,64.83,78,100,1.72
250,Cabo San Lucas,MX,2022-07-13 01:02:12,22.8909,-109.9124,87.62,64,0,11.86
251,Nago,JP,2022-07-13 01:07:04,26.5881,127.9761,92.25,73,100,5.39
252,Cozumel,MX,2022-07-13 01:03:56,20.5083,-86.9458,82.47,82,75,5.99
253,Orotukan,RU,2022-07-13 01:07:05,62.2667,151.7,85.64,38,69,12.59
254,Robertsport,LR,2022-07-13 01:07:06,6.7533,-11.3686,76.41,87,73,8.75
255,Qeshm,IR,2022-07-13 01:07:06,26.9581,56.2719,89.11,80,30,10.56
256,Wronki,PL,2022-07-13 01:07:07,52.7105,16.3804,62.62,87,99,8.79
257,Cidreira,BR,2022-07-13 01:07:07,-30.1811,-50.2056,52.61,70,85,7.94
258,Lyantonde,UG,2022-07-13 01:07:08,-0.4031,31.1572,66.42,64,100,8.95
259,Solginskiy,RU,2022-07-13 01:07:08,61.05,41.3428,62.64,97,100,6.11
260,Hengyang,CN,2022-07-13 01:07:09,26.8881,112.615,87.58,69,4,5.37
261,Ilulissat,GL,2022-07-13 01:07:09,69.2167,-51.1,44.62,81,93,2.3
262,Dicabisagan,PH,2022-07-13 01:07:10,17.0818,122.4157,78.46,88,100,5.41
263,Kokopo,PG,2022-07-13 01:04:46,-4.352,152.2633,85.96,62,5,10.78
264,Souris,CA,2022-07-13 01:07:10,49.6172,-100.2612,75.74,78,0,7.05
265,Seoul,KR,2022-07-13 01:05:04,37.5683,126.9778,76.57,94,100,8.05
266,Coquimbo,CL,2022-07-13 01:04:15,-29.9533,-71.3436,56.12,79,1,3.31
267,Severo-Yeniseyskiy,RU,2022-07-13 01:07:11,60.3725,93.0408,49.6,88,100,2.93
268,Itarema,BR,2022-07-13 01:07:12,-2.9248,-39.9167,77.54,87,12,12.86
269,Phibun Mangsahan,TH,2022-07-13 01:07:12,15.2447,105.2291,75.69,95,100,7.23
270,Sokolka,PL,2022-07-13 01:07:13,53.4072,23.5023,57.65,97,100,17.6
271,Chabahar,IR,2022-07-13 01:07:13,25.2919,60.643,83.95,81,87,2.26
272,Ostrovnoy,RU,2022-07-13 01:07:14,68.0531,39.5131,56.62,99,98,4.7
273,Tuatapere,NZ,2022-07-13 01:08:14,-46.1333,167.6833,43.61,94,100,9.73
274,Sao Filipe,CV,2022-07-13 01:08:15,14.8961,-24.4956,74.95,82,38,7.27
275,Port Moresby,PG,2022-07-13 01:08:16,-9.4431,147.1797,83.26,69,67,8.19
276,Husavik,IS,2022-07-13 01:08:16,66.0449,-17.3389,42.67,90,100,18.05
277,Ugoofaaru,MV,2022-07-13 01:08:17,5.6667,73.0,81.79,75,99,12.33
278,Kangaatsiaq,GL,2022-07-13 01:08:17,68.3065,-53.4641,41.27,82,99,2.55
279,Bowen,AU,2022-07-13 01:08:18,-20.0167,148.2333,67.55,47,0,9.91
280,Usogorsk,RU,2022-07-13 01:08:19,63.4106,48.6872,62.64,87,17,4.14
281,Kikwit,CD,2022-07-13 01:08:19,-5.041,18.8162,72.59,36,6,3.13
282,Siniscola,IT,2022-07-13 01:08:19,40.5719,9.6922,69.35,62,0,4.47
283,Bryan,US,2022-07-13 01:05:57,30.6744,-96.37,101.88,39,40,11.5
284,Shelburne,CA,2022-07-13 01:05:32,44.0787,-80.2041,63.12,89,58,8.19
285,Taman,RU,2022-07-13 01:08:20,45.2117,36.7161,73.92,56,0,10.18
286,Saint-Joseph,RE,2022-07-13 01:08:21,-21.3667,55.6167,66.58,67,51,12.08
287,Manado,ID,2022-07-13 01:08:21,1.487,124.8455,88.57,66,20,2.3
288,Zhangye,CN,2022-07-13 01:08:22,38.9342,100.4517,80.42,35,38,7.9
289,Playa Vicente,MX,2022-07-13 01:08:22,17.8333,-95.8167,80.01,86,100,1.81
290,Pec,XK,2022-07-13 01:08:22,42.6591,20.2883,55.04,66,6,5.99
291,Neiafu,TO,2022-07-13 01:08:23,-18.65,-173.9833,83.08,74,40,13.8
292,Avera,US,2022-07-13 01:08:23,33.194,-82.5271,80.11,77,100,3.8
293,Ucluelet,CA,2022-07-13 01:08:24,48.9329,-125.5528,61.09,81,77,7.0
294,Muros,ES,2022-07-13 01:08:24,42.7762,-9.0603,74.16,77,17,6.4
295,Varca,IN,2022-07-13 01:08:25,15.2167,73.9167,79.47,85,100,20.8
296,Ketchikan,US,2022-07-13 01:08:25,55.3422,-131.6461,55.38,94,100,10.36
297,Kashi,CN,2022-07-13 01:08:26,39.4547,75.9797,77.54,26,97,8.39
298,Bereda,ES,2022-07-13 01:08:26,43.2686,-7.5406,69.58,100,7,0.87
299,Sioux Lookout,CA,2022-07-13 01:05:53,50.1001,-91.917,62.73,69,54,5.68
300,Comarapa,BO,2022-07-13 01:08:27,-17.9,-64.4833,49.84,96,100,2.04
301,Shushtar,IR,2022-07-13 01:08:28,32.0455,48.8567,93.09,17,6,2.75
302,Lavrentiya,RU,2022-07-13 01:05:46,65.5833,-171.0,53.1,72,100,7.45
303,Tambilil,PH,2022-07-13 01:08:28,5.9622,124.6697,85.89,69,37,2.71
304,Port-Gentil,GA,2022-07-13 01:08:29,-0.7193,8.7815,72.66,82,90,10.92
305,Lere,NG,2022-07-13 01:08:29,10.387,8.5726,69.46,95,100,7.63
306,Pulandian,CN,2022-07-13 01:08:30,39.3953,121.9669,73.69,97,100,6.29
307,Konevo,RU,2022-07-13 01:08:30,62.1215,39.3192,62.08,93,98,3.89
308,Khotiv,UA,2022-07-13 01:08:31,50.3307,30.4684,58.6,83,100,18.95
309,Tommot,RU,2022-07-13 01:08:31,58.9564,126.2925,73.78,58,95,2.98
310,Peleduy,RU,2022-07-13 01:08:32,59.6289,112.7406,54.73,73,100,6.33
311,Nokaneng,BW,2022-07-13 01:08:32,-19.6667,22.2667,54.34,46,0,6.04
312,Norman Wells,CA,2022-07-13 01:05:54,65.282,-126.8329,59.77,78,100,12.5
313,Anadyr,RU,2022-07-13 01:08:33,64.75,177.4833,70.3,56,0,11.18
314,Florianopolis,BR,2022-07-13 01:08:33,-27.6146,-48.5012,56.43,77,75,4.61
315,Ancud,CL,2022-07-13 01:08:34,-41.8697,-73.8203,39.22,77,58,9.8
316,Waingapu,ID,2022-07-13 01:08:34,-9.6567,120.2641,78.4,60,84,16.28
317,Tiksi,RU,2022-07-13 01:09:35,71.6872,128.8694,36.28,94,100,7.78
318,Dong Xoai,VN,2022-07-13 01:09:35,11.5333,106.9167,73.98,97,100,5.28
319,Kenai,US,2022-07-13 01:09:36,60.5544,-151.2583,64.49,67,100,4.61
320,Oxford,GB,2022-07-13 01:09:04,51.7522,-1.256,69.75,74,72,5.55
321,Paciran,ID,2022-07-13 01:09:37,-6.8767,112.3761,80.06,80,47,4.7
322,Varhaug,NO,2022-07-13 01:09:37,58.6147,5.6457,58.55,93,59,2.95
323,Burnie,AU,2022-07-13 01:09:38,-41.0667,145.9167,51.94,59,7,2.55
324,Saint-Pierre,RE,2022-07-13 01:09:38,-21.3393,55.4781,67.91,75,40,18.41
325,Banda Aceh,ID,2022-07-13 01:09:39,5.5577,95.3222,81.01,78,100,11.56
326,Pietarsaari,FI,2022-07-13 01:09:39,63.65,22.6833,63.9,79,100,1.68
327,Lahij,YE,2022-07-13 01:09:39,13.1667,44.5833,83.79,52,74,1.23
328,Hrodna,BY,2022-07-13 01:09:40,53.6884,23.8258,59.43,97,100,13.04
329,Leningradskiy,RU,2022-07-13 01:09:41,69.3833,178.4167,38.14,94,100,4.83
330,Panjab,AF,2022-07-13 01:09:41,34.388,67.0233,50.34,45,0,5.44
331,Haines Junction,CA,2022-07-13 01:09:41,60.7522,-137.5108,49.69,81,100,4.85
332,Yeniseysk,RU,2022-07-13 01:09:42,58.4497,92.1703,57.38,68,63,5.99
333,Bekhteyevka,RU,2022-07-13 01:09:42,50.8072,37.2085,58.1,71,5,7.29
334,Imbituva,BR,2022-07-13 01:09:43,-25.23,-50.6044,49.39,79,0,2.55
335,Luderitz,NA,2022-07-13 01:09:43,-26.6481,15.1594,55.62,65,0,15.66
336,Innisfail,AU,2022-07-13 01:04:48,-17.5333,146.0333,68.97,59,72,8.97
337,Farah,AF,2022-07-13 01:09:44,32.5,62.5,78.93,15,0,5.55
338,Veraval,IN,2022-07-13 01:09:44,20.9,70.3667,81.32,84,99,21.36
339,Santa Lucia,ES,2022-07-13 01:09:45,27.9117,-15.5407,61.92,73,20,17.27
340,Benghazi,LY,2022-07-13 01:09:45,32.1167,20.0667,76.71,70,0,12.03
341,Pundaguitan,PH,2022-07-13 01:09:46,6.3711,126.1689,81.16,78,94,2.62
342,Keetmanshoop,NA,2022-07-13 01:09:46,-26.5833,18.1333,54.3,38,0,2.39
343,Saskylakh,RU,2022-07-13 01:09:47,71.9167,114.0833,47.28,59,100,13.47
344,Ulaanbaatar,MN,2022-07-13 01:09:47,47.9077,106.8832,59.13,67,0,2.24
345,Pecos,US,2022-07-13 01:09:34,31.4229,-103.4932,99.43,18,0,14.97
346,Maryborough,AU,2022-07-13 01:09:48,-25.5333,152.7,60.53,51,0,10.69
347,Cayenne,GF,2022-07-13 01:09:48,4.9333,-52.3333,83.08,1,100,1.99
348,Tamala,RU,2022-07-13 01:09:49,52.541,43.2515,61.09,67,100,4.56
349,Rocha,UY,2022-07-13 01:09:49,-34.4833,-54.3333,38.28,88,0,4.18
350,Khandyga,RU,2022-07-13 01:09:50,62.6667,135.6,65.32,92,100,4.09
351,Ardassa,GR,2022-07-13 01:09:51,40.478,21.6341,65.17,50,78,4.34
352,Bertoua,CM,2022-07-13 01:09:51,4.5833,13.6833,67.57,98,100,2.73
353,San Cristobal,VE,2022-07-13 01:09:52,7.7669,-72.225,69.98,97,73,4.32
354,Bandarbeyla,SO,2022-07-13 01:09:52,9.4942,50.8122,78.73,68,99,27.51
355,Richards Bay,ZA,2022-07-13 01:09:53,-28.783,32.0377,62.82,91,0,7.0
356,Kochi,IN,2022-07-13 01:06:03,9.9399,76.2602,76.01,86,100,12.68
357,Erenhot,CN,2022-07-13 01:09:53,43.6475,111.9767,70.59,43,0,16.89
358,Bumba,CD,2022-07-13 01:09:54,2.1833,22.4667,72.03,96,100,3.0
359,Port Elizabeth,ZA,2022-07-13 01:09:54,-33.918,25.5701,55.35,57,0,8.57
360,Dongsheng,CN,2022-07-13 01:09:55,39.8161,109.9776,76.57,48,32,4.52
361,Doka,SD,2022-07-13 01:09:55,13.5167,35.7667,71.15,88,100,5.39
362,Sabang,ID,2022-07-13 01:09:57,5.8933,95.3214,82.49,79,100,19.51
363,Gorontalo,ID,2022-07-13 01:10:57,0.5412,123.0595,82.74,77,74,5.3
364,Namatanai,PG,2022-07-13 01:10:58,-3.6667,152.4333,85.33,66,18,7.38
365,Nevers,FR,2022-07-13 01:10:58,46.9167,3.3333,61.25,51,63,2.39
366,Deputatskiy,RU,2022-07-13 01:10:59,69.3,139.9,63.81,54,64,11.59
367,Mercedes,AR,2022-07-13 01:10:59,-34.6515,-59.4307,42.78,55,10,8.14
368,Dubbo,AU,2022-07-13 01:11:00,-32.25,148.6167,48.33,71,75,14.97
369,Aksarka,RU,2022-07-13 01:11:00,66.5606,67.7975,54.64,84,100,7.54
370,San Remo,IT,2022-07-13 01:11:01,43.8182,7.7612,75.69,79,1,3.0
371,Hunchun,CN,2022-07-13 01:11:01,42.8675,130.3581,67.37,96,100,4.65
372,Rio Claro,BR,2022-07-13 01:11:02,-22.4114,-47.5614,66.42,54,100,1.59
373,Kampene,CD,2022-07-13 01:11:02,-3.6,26.6667,72.21,55,95,0.74
374,Buraydah,SA,2022-07-13 01:11:03,26.326,43.975,83.16,17,91,7.34
375,Leshukonskoye,RU,2022-07-13 01:11:03,64.8989,45.7622,65.68,81,2,5.06
376,Lusambo,CD,2022-07-13 01:11:04,-4.9667,23.45,67.68,47,9,1.86
377,Quchan,IR,2022-07-13 01:11:04,37.106,58.5095,64.74,42,0,9.46
378,Nautla,MX,2022-07-13 01:11:05,20.2167,-96.7833,84.54,76,100,14.65
379,San Policarpo,PH,2022-07-13 01:11:05,12.1791,125.5072,82.4,80,39,2.53
380,Victor Harbor,AU,2022-07-13 01:11:06,-35.5667,138.6167,55.99,72,100,9.48
381,Bregovo,BG,2022-07-13 01:11:07,44.1517,22.6425,58.44,50,7,6.85
382,Nouadhibou,MR,2022-07-13 01:11:07,20.931,-17.0347,68.99,80,29,22.79
383,San Felipe,VE,2022-07-13 01:06:52,10.3399,-68.7425,71.29,97,99,1.32
384,Evensk,RU,2022-07-13 01:11:08,61.95,159.2333,57.65,80,67,6.11
385,Bubaque,GW,2022-07-13 01:11:08,11.2833,-15.8333,80.82,82,80,11.18
386,Bonthe,SL,2022-07-13 01:11:09,7.5264,-12.505,75.54,90,79,5.77
387,Portsmouth,GB,2022-07-13 01:09:18,50.799,-1.0913,69.96,90,91,4.85
388,La Asuncion,VE,2022-07-13 01:11:09,11.0333,-63.8628,79.16,87,100,12.44
389,Wewak,PG,2022-07-13 01:11:10,-3.5534,143.6268,85.21,66,44,5.37
390,Egvekinot,RU,2022-07-13 01:11:11,66.3167,-179.1667,43.07,98,100,5.1
391,Inhambane,MZ,2022-07-13 01:11:11,-23.865,35.3833,67.21,75,0,5.86
392,North Bend,US,2022-07-13 01:11:12,43.4065,-124.2243,71.24,87,100,16.11
393,Joshimath,IN,2022-07-13 01:11:12,30.5667,79.5667,71.13,94,99,1.28
394,San Vicente,AR,2022-07-13 01:11:13,-26.6167,-54.1333,42.82,95,3,3.44
395,Kruisfontein,ZA,2022-07-13 01:11:13,-34.0033,24.7314,50.97,52,0,7.27
396,Tomatlan,MX,2022-07-13 01:11:14,19.9333,-105.25,81.36,78,99,6.13
397,Sistranda,NO,2022-07-13 01:11:14,63.7256,8.834,55.36,81,100,21.09
398,Poum,NC,2022-07-13 01:11:15,-20.2333,164.0167,76.82,84,100,17.63
399,Olinda,BR,2022-07-13 01:11:15,-8.0089,-34.8553,76.73,88,40,4.61
400,Radstadt,AT,2022-07-13 01:11:16,47.3833,13.45,56.64,94,82,3.09
401,Wattegama,LK,2022-07-13 01:11:16,6.7989,81.4808,75.72,73,97,9.08
402,Ambikapur,IN,2022-07-13 01:11:17,23.1167,83.2,78.87,77,87,8.1
403,Kaeo,NZ,2022-07-13 01:11:17,-35.1,173.7833,60.15,81,100,12.86
404,Pisco,PE,2022-07-13 01:11:18,-13.7,-76.2167,60.85,82,100,11.5
405,Mersing,MY,2022-07-13 01:11:18,2.4312,103.8405,78.73,86,100,5.3
406,Ylojarvi,FI,2022-07-13 01:11:19,61.5563,23.5961,64.31,77,75,3.44
407,Stony Plain,CA,2022-07-13 01:11:20,53.5334,-114.0021,83.19,79,6,10.27
408,Bata,GQ,2022-07-13 01:11:20,1.8639,9.7658,74.66,86,100,7.36
409,General Roca,AR,2022-07-13 01:11:21,-39.0333,-67.5833,52.63,47,100,5.17
410,Bilibino,RU,2022-07-13 01:12:21,68.0546,166.4372,67.69,54,24,11.72
411,Narayanganj,BD,2022-07-13 01:12:22,23.6233,90.5011,84.22,77,8,13.8
412,Zhaoyuan,CN,2022-07-13 01:12:22,37.3592,120.3964,74.79,95,100,14.97
413,Kakonko,TZ,2022-07-13 01:12:23,-3.2828,30.9642,63.86,63,95,2.51
414,Yerbogachen,RU,2022-07-13 01:12:23,61.2767,108.0108,54.12,54,100,3.6
415,Iquitos,PE,2022-07-13 01:12:24,-3.7481,-73.2472,75.24,94,20,1.14
416,Maldonado,UY,2022-07-13 01:12:25,-34.6667,-54.9167,39.22,85,0,5.12
417,Labuhan,ID,2022-07-13 01:12:25,-6.8844,112.2051,79.74,81,63,4.32
418,Suhbaatar,MN,2022-07-13 01:12:25,50.2314,106.2078,69.44,53,4,3.91
419,San Quintin,MX,2022-07-13 01:12:26,30.4833,-115.95,68.2,73,65,13.8
420,Pasni,PK,2022-07-13 01:12:27,25.2631,63.471,83.01,85,19,7.45
421,Ajdabiya,LY,2022-07-13 01:12:27,30.7554,20.2263,75.78,66,0,10.09
422,Yunyang,CN,2022-07-13 01:12:28,33.4474,112.7142,83.46,73,81,5.86
423,Lagoa,PT,2022-07-13 01:12:28,39.05,-27.9833,69.04,92,100,9.89
424,Portland,US,2022-07-13 01:11:39,45.5234,-122.6762,91.98,41,20,8.05
425,Srednekolymsk,RU,2022-07-13 01:12:29,67.45,153.6833,76.26,44,100,8.48
426,Sakakah,SA,2022-07-13 01:12:29,29.9697,40.2064,86.25,19,92,9.06
427,Turbat,PK,2022-07-13 01:12:30,26.0023,63.044,83.46,82,93,5.48
428,El Vigia,VE,2022-07-13 01:12:30,8.6219,-71.6506,76.21,88,93,3.53
429,Woodward,US,2022-07-13 01:12:31,36.4337,-99.3904,88.83,31,0,11.5
430,Olafsvik,IS,2022-07-13 01:12:31,64.8945,-23.7142,47.43,70,26,8.61
431,Baculin,PH,2022-07-13 01:12:32,7.4525,126.5842,82.54,78,89,1.68
432,Riberalta,BO,2022-07-13 01:12:32,-10.9833,-66.1,78.1,67,7,3.15
433,San Patricio,US,2022-07-13 01:12:33,28.017,-97.5169,91.54,59,5,13.31
434,Manicore,BR,2022-07-13 01:12:33,-5.8092,-61.3003,75.13,77,60,1.45
435,Jieshi,CN,2022-07-13 01:12:34,22.8134,115.8257,84.02,77,84,4.07
436,Port Augusta,AU,2022-07-13 01:12:34,-32.5,137.7667,53.31,66,99,4.65
437,Umm Lajj,SA,2022-07-13 01:12:35,25.0213,37.2685,84.69,66,99,6.13
438,Fallon,US,2022-07-13 01:12:35,39.4735,-118.7774,100.27,8,40,10.36
439,Altay,CN,2022-07-13 01:12:36,47.8667,88.1167,65.59,64,100,3.53
440,Aden,YE,2022-07-13 01:12:36,12.7794,45.0367,84.18,69,40,2.86
441,Klaksvik,FO,2022-07-13 01:12:37,62.2266,-6.589,50.92,93,100,24.63
442,Mitha Tiwana,PK,2022-07-13 01:12:37,32.2486,72.1108,92.95,51,2,3.62
443,Salalah,OM,2022-07-13 01:12:38,17.0151,54.0924,77.09,94,100,6.91
444,Rock Sound,BS,2022-07-13 01:12:38,24.9,-76.2,83.53,76,76,9.89
445,Atambua,ID,2022-07-13 01:12:39,-9.1061,124.8925,74.61,59,66,6.13
446,Shakawe,BW,2022-07-13 01:12:39,-18.3667,21.85,53.13,51,0,3.94
447,Southampton,GB,2022-07-13 01:10:24,50.904,-1.4043,71.01,85,97,4.79
448,Ganzhou,CN,2022-07-13 01:12:40,28.8184,115.4327,88.63,66,100,6.71
449,Malatya,TR,2022-07-13 01:12:40,38.5,38.0,66.25,46,0,5.75
450,Eureka,US,2022-07-13 01:08:24,40.8021,-124.1637,67.12,75,95,5.99
451,Lasa,IT,2022-07-13 01:12:41,46.6166,10.7002,59.36,66,24,4.03
452,Ashland,US,2022-07-13 01:12:41,40.8167,-82.2665,74.03,69,2,7.99
453,Seydi,TM,2022-07-13 01:12:42,39.4816,62.9137,78.24,29,0,11.97
454,Dalton,US,2022-07-13 01:09:03,34.7698,-84.9702,84.81,85,9,1.01
455,Ahipara,NZ,2022-07-13 01:12:43,-35.1667,173.1667,60.03,80,100,13.49
456,Korla,CN,2022-07-13 01:13:43,41.7597,86.1469,76.93,24,8,10.71
457,Cherskiy,RU,2022-07-13 01:13:44,68.75,161.3,61.2,57,27,14.09
458,Manono,CD,2022-07-13 01:13:44,-7.3,27.4167,71.35,45,7,4.21
459,Pevek,RU,2022-07-13 01:13:45,69.7008,170.3133,34.63,97,100,19.46
460,Manaus,BR,2022-07-13 01:11:09,-3.1019,-60.025,84.7,74,20,5.75
461,Cordoba,AR,2022-07-13 01:13:45,-31.4135,-64.1811,49.75,52,0,10.36
462,Ambovombe,MG,2022-07-13 01:13:46,-25.1667,46.0833,62.28,89,0,4.68
463,Mindelo,CV,2022-07-13 01:13:46,16.8901,-24.9804,76.55,73,20,12.66
464,Melito Di Porto Salvo,IT,2022-07-13 01:13:47,37.9222,15.7714,77.54,50,0,9.22
465,Byron Bay,AU,2022-07-13 01:12:00,-28.65,153.6167,61.72,57,0,13.0
466,Severobaykalsk,RU,2022-07-13 01:13:47,55.65,109.3167,53.89,87,88,2.04
467,Mana,GF,2022-07-13 01:13:48,5.6592,-53.7767,77.74,86,99,6.22
468,Pimentel,PE,2022-07-13 01:13:48,-6.8367,-79.9342,62.2,85,13,13.89
469,Skjervoy,NO,2022-07-13 01:13:17,70.0311,20.9714,64.4,68,0,16.93
470,Celestun,MX,2022-07-13 01:13:49,20.8667,-90.4,83.28,76,100,11.77
471,Skibbereen,IE,2022-07-13 01:13:49,51.55,-9.2667,56.1,92,8,8.14
472,Kavaratti,IN,2022-07-13 01:13:50,10.5669,72.642,81.1,79,100,20.74
473,Fare,PF,2022-07-13 01:13:50,-16.7,-151.0167,78.49,66,8,7.38
474,Paragominas,BR,2022-07-13 01:13:51,-2.9667,-47.4833,72.88,88,67,3.4
475,Jackson,US,2022-07-13 01:11:48,42.4165,-122.8345,96.67,29,0,13.8
476,Abu Kamal,SY,2022-07-13 01:13:52,34.4506,40.9171,85.37,37,0,13.47
477,Karatuzskoye,RU,2022-07-13 01:13:52,53.6072,92.8667,60.53,63,100,3.65
478,Vincennes,FR,2022-07-13 01:13:53,48.85,2.4333,77.94,47,0,2.3
479,Mitsamiouli,KM,2022-07-13 01:13:53,-11.3847,43.2844,76.75,75,69,9.8
480,Fukue,JP,2022-07-13 01:13:53,32.6881,128.8419,80.01,79,64,2.26
481,Vostok,RU,2022-07-13 01:13:54,46.4856,135.8833,72.9,74,83,0.11
482,Henties Bay,NA,2022-07-13 01:13:54,-22.116,14.2845,54.16,89,0,3.47
483,Palmer,US,2022-07-13 01:13:41,42.1584,-72.3287,75.2,87,75,3.44
484,Huicungo,PE,2022-07-13 01:13:56,-7.2833,-76.8,69.44,99,41,2.24
485,Nogales,MX,2022-07-13 01:13:56,31.3086,-110.9422,85.57,37,20,0.0
486,Touros,BR,2022-07-13 01:13:57,-5.1989,-35.4608,75.51,87,7,11.27
487,Colesberg,ZA,2022-07-13 01:13:57,-30.72,25.0972,43.23,48,0,4.81
488,Gariaband,IN,2022-07-13 01:13:58,20.635,82.0614,75.63,95,95,4.43
489,Basco,PH,2022-07-13 01:13:58,20.4487,121.9702,84.78,78,64,15.23
490,Cravo Norte,CO,2022-07-13 01:13:58,6.3017,-70.2041,74.59,93,37,7.36
491,Ler,SS,2022-07-13 01:13:59,8.3018,30.1418,71.76,90,87,2.86
492,Tyrma,RU,2022-07-13 01:14:00,50.0833,132.1667,78.85,53,2,3.02
493,Rathdrum,US,2022-07-13 01:14:00,47.8137,-116.892,92.7,31,0,8.05
494,Lingao,CN,2022-07-13 01:14:01,19.9103,109.6859,83.97,81,9,11.23
495,North Myrtle Beach,US,2022-07-13 01:14:01,33.816,-78.68,80.65,93,0,0.0
496,Antofagasta,CL,2022-07-13 01:14:02,-23.65,-70.4,56.48,88,41,2.21
497,Chippewa Falls,US,2022-07-13 01:09:23,44.9369,-91.3929,77.77,50,0,5.75
498,Novo Oriente,BR,2022-07-13 01:14:02,-5.5344,-40.7742,75.67,62,20,3.56
499,Kuyanovo,RU,2022-07-13 01:14:03,55.8014,54.5372,65.41,95,48,5.12
500,Shafter,US,2022-07-13 01:15:03,35.5005,-119.2718,103.06,23,0,19.57
501,Dhekiajuli,IN,2022-07-13 01:15:04,26.7,92.5,81.52,87,100,3.11
502,Tevriz,RU,2022-07-13 01:15:04,57.509,72.4042,59.77,70,76,2.06
503,Hualmay,PE,2022-07-13 01:15:05,-11.0964,-77.6139,61.7,79,2,9.55
504,Staryy Nadym,RU,2022-07-13 01:15:05,65.6118,72.6842,52.81,57,92,4.27
505,Leh,IN,2022-07-13 01:15:06,34.1667,77.5833,60.85,58,5,7.25
506,Krasnoufimsk,RU,2022-07-13 01:15:06,56.6059,57.7669,63.0,92,55,3.31
507,Oranjemund,NA,2022-07-13 01:15:07,-28.55,16.4333,53.01,90,0,9.15
508,Moron,AR,2022-07-13 01:15:07,-34.6534,-58.6198,48.9,71,8,6.24
509,Launceston,AU,2022-07-13 01:15:08,-41.45,147.1667,50.81,73,5,12.66
510,Boshnyakovo,RU,2022-07-13 01:15:08,49.6333,142.1667,67.96,80,100,3.89
511,Camacha,PT,2022-07-13 01:15:09,33.0833,-16.3333,63.82,77,20,8.05
512,Pontivy,FR,2022-07-13 01:15:10,48.0,-3.0,72.18,57,60,5.5
513,Pizarro,CO,2022-07-13 01:15:10,4.9533,-77.366,76.71,90,100,6.4
514,El Bagre,CO,2022-07-13 01:15:11,7.5927,-74.8086,75.09,99,100,0.36
515,Goderich,CA,2022-07-13 01:13:43,43.7501,-81.7165,63.91,92,55,9.62
516,Bajil,YE,2022-07-13 01:15:11,15.0584,43.2851,91.83,38,100,6.64
517,Biak,ID,2022-07-13 01:15:12,-0.9131,122.8766,76.98,83,96,5.73
518,La Rochelle,FR,2022-07-13 01:15:12,46.1667,-1.15,77.07,41,0,2.3
519,Nabire,ID,2022-07-13 01:12:36,-3.3667,135.4833,83.52,70,58,1.97
520,Sao Felix Do Xingu,BR,2022-07-13 01:11:02,-6.6447,-51.995,80.92,48,100,2.21
521,Stornoway,GB,2022-07-13 01:15:13,58.2093,-6.3865,52.93,87,12,12.66
522,Peace River,CA,2022-07-13 01:12:22,56.2501,-117.286,61.11,88,100,9.22
523,Chuka,KE,2022-07-13 01:15:14,-0.3332,37.6459,55.71,89,54,4.27
524,Oranjestad,AW,2022-07-13 01:15:15,12.524,-70.027,82.35,83,20,18.41
525,Cockburn Town,TC,2022-07-13 01:15:15,21.4612,-71.1419,81.61,85,4,17.96
526,Sur,OM,2022-07-13 01:15:16,22.5667,59.5289,87.35,73,99,3.06
527,Falakata,IN,2022-07-13 01:15:16,26.5208,89.2055,81.55,85,100,2.82
528,Atar,MR,2022-07-13 01:15:17,20.5169,-13.0499,91.74,26,69,7.23
529,Chara,RU,2022-07-13 01:15:17,56.9064,118.2631,65.48,70,100,1.86
530,Bengkulu,ID,2022-07-13 01:15:18,-3.8004,102.2655,76.44,86,100,2.51
531,Mosquera,CO,2022-07-13 01:11:55,4.7059,-74.2302,57.29,82,40,2.3
532,Tawang,IN,2022-07-13 01:15:18,27.5833,91.8667,60.66,87,100,0.94
533,Troitskoye,RU,2022-07-13 01:15:19,52.9821,84.6757,59.34,73,0,9.15
534,Port Macquarie,AU,2022-07-13 01:15:20,-31.4333,152.9167,58.21,63,56,14.29
535,Barranca,PE,2022-07-13 01:15:20,-10.75,-77.7667,60.94,80,2,7.29
536,Kurilsk,RU,2022-07-13 01:15:21,45.2333,147.8833,64.06,83,21,4.41
537,Dabrowa Gornicza,PL,2022-07-13 01:15:21,50.3182,19.2374,59.29,88,0,8.66
538,Burns Lake,CA,2022-07-13 01:15:09,54.2331,-125.7533,56.62,38,93,10.11
539,Tabou,CI,2022-07-13 01:15:22,4.423,-7.3528,75.67,81,100,9.24
540,Gari,RU,2022-07-13 01:15:22,59.4307,62.3497,63.05,81,84,6.35
541,Rosita,NI,2022-07-13 01:15:23,13.9268,-84.4032,74.37,98,100,2.53
542,Pitimbu,BR,2022-07-13 01:15:24,-7.4706,-34.8086,73.99,84,6,7.7
543,Baker City,US,2022-07-13 01:10:36,44.7749,-117.8344,90.19,36,0,13.8
544,Mattru,SL,2022-07-13 01:15:24,7.6244,-11.8332,72.0,99,69,2.46
545,Marzuq,YE,2022-07-13 01:15:25,14.4,46.4667,77.54,40,100,2.13
546,Taksimo,RU,2022-07-13 01:15:25,56.3444,114.8794,62.19,89,100,2.77
547,Sisimiut,GL,2022-07-13 01:15:26,66.9395,-53.6735,42.66,93,99,3.71
548,Okhotsk,RU,2022-07-13 01:16:26,59.3833,143.3,59.38,94,100,7.54
549,Emirdag,TR,2022-07-13 01:16:27,39.0197,31.15,61.56,72,21,3.53
